epoch,step,test_acc,test_loss
0,0,0.7781999707221985,1.2363845109939575
0,0,0.7713000178337097,1.2494336366653442
